<?xml version="1.0" encoding="utf-8"?>
<extension type="module" version="1.7.0" client="site" method="install">
	<name>Sugar Connection</name>
	<author>AnderZilla</author>
	<creationDate>October 2012</creationDate>
	<copyright>Copyright (C)2012 AnderZilla</copyright>
	<license>GNU General Public License version 2 or later</license>
	<authorEmail>anderzilla@ymail.com</authorEmail>
	<authorUrl>www.anderzilla.com</authorUrl>
	<version>1.0</version>
	<description>Conection with Sugar CRM CE 6.3</description>
	<files>
		<filename module="mod_sugar_connection">mod_sugar_connection.php</filename>
		<filename>index.html</filename>
		<filename>mod_sugar_connection.xml</filename>
	</files>
</extension>
