<?xml version="1.0" encoding="utf-8"?>
<extension type="module" version="1.7.0" client="site" method="install">
	<name>Test Module</name>
	<author>The Joomla King</author>
	<creationDate>December 2011</creationDate>
	<copyright>Copyright (C)2011 The Joomla King</copyright>
	<license>GNU General Public License version 2 or later</license>
	<authorEmail>info@thejoomlaking.com</authorEmail>
	<authorUrl>www.thejoomlaking.com</authorUrl>
	<version>1.0</version>
	<description>A very simple module for you to build from</description>
	<files>
		<filename module="mod_testmodule">mod_testmodule.php</filename>
		<filename>index.html</filename>
		<filename>mod_testmodule.xml</filename>
	</files>
</extension>
